{"info":{"_postman_id":"228d3917-c9f0-42f3-8809-02acd741e552","name":"20240513.sre unit trust","schema":"https://schema.getpostman.com/json/collection/v2.1.0/collection.json"},"item":[{"name":"[UAT]unit_trust_rule Copy","event":[{"listen":"prerequest","script":{"id":"f202c7a2-378f-4b7d-9e31-62b8f9a7b368","exec":["// pm.sendRequest(\"https://dwi-saml-token-generator-1.hsbc-wins-insurance-xapi-hk-sct.svc.default.shp.ape1.pre-prod.aws.cloud.hsbc/samlToken3/HKUT037/\", function (err, response) {\r","// console.log(response.text());\r","// pm.environment.set(\"saml3\", response.text());\r","// });\r","\r","\r","pm.sendRequest(\"http://testdataservices.apps.cf.wgdc-drn-03.cloud.uk.hsbc/dsp/entity/HK/STMA028/SAML3/30?password=memans01&samlLevel=SAML3\", function (err, response) {console.log(\"saml\", response.text());pm.environment.set(\"saml3\", response.text());})\r","\r","const echoPostRequest = {\r","  url: 'https://cmb-ib2b-dsp-pprod-ap.hk.hsbc:8443/dsp/rest-sts/DSP_iB2B/iB2B_tokenTranslator?_action=translate',\r","  method: 'POST',\r","   header:'content-type:application/json',\r","  body: {\r","    mode: 'raw',\r","    raw: JSON.stringify({\r","        \"input_token_state\": {\r","        \"token_type\": \"CREDENTIAL\",\r","        // \"username\": \"HK-SVCAT-WD-DEV\",\r","        // \"password\": \"9C5E-0408AFD2E\"\r","        \"username\": \"HK-SVCAT-IPO-DEV\",\r","        \"password\": \"75F1-f80dCD4B2\"\r","    },\r","    \"output_token_state\": {\r","        \"token_type\": \"JWT\"\r","    }\r","    })\r","  }\r","};\r","pm.sendRequest(echoPostRequest, function (err, res) {\r","  console.log(err ? err : res.json());\r","  var issued_token = res.json().issued_token;\r","  pm.environment.set(\"jwt\", issued_token);\r","});"],"type":"text/javascript"}}],"id":"fe10d757-0acf-4348-b377-16400a87e95b","protocolProfileBehavior":{"disableBodyPruning":true},"request":{"method":"POST","header":[{"key":"Content-Type","value":"application/json","type":"text"},{"key":"X-HSBC-Src-Useragent","value":"hk.com.hsbc.hsbchkmobilebanking/3.41.2 / iOS 16.6.1; iPhone12,1","type":"text"},{"key":"X-HSBC-Channel-Id","value":"MOBILE","type":"text"},{"key":"X-HSBC-Chnl-CountryCode","value":"HK","type":"text"},{"key":"X-HSBC-Chnl-Group-Member","value":"HBAP","type":"text","description":"X-HSBC-Channel-Id"},{"key":"X-HSBC-Global-Channel-Id","value":"WEB","type":"text","description":"X-HSBC-Chnl-Group-Member"},{"key":"X-HSBC-Request-Correlation-Id","value":"1234","type":"text"},{"key":"X-HSBC-Session-Correlation-Id","value":"234512121","type":"text"},{"key":"X-HSBC-Saml3","value":"{{saml3}}","type":"text"},{"key":"X-HSBC-GBGF","value":"RBWM","type":"text","disabled":true},{"key":"x-hsbc-e2e-token","value":"{{jwt}}","type":"default","disabled":true},{"key":"X-HSBC-E2E-Trust-Token","value":"{{jwt}}","type":"default"}],"body":{"mode":"raw","raw":"\r\n\t{\r\n\t\t\"rule\": \"unit_trust_rule\",\r\n\t\t\"data\": {\r\n\t\t\t\"inputChannel\": \"I\",\r\n\t\t\t\"actionPortfolioOrderCode\": \"P\",\r\n\t\t\t\"actionPortfolioOrderTypeCode\": \"S\",\r\n\t\t\t\"eligibilityType\": \"SERVICING\",\r\n\t\t\t\"cbcDisclaimerAck\": \"N\",\r\n\t\t\t\"externalSystemCode\": \"UTB\",\r\n\t\t\t\"transactionType\": \"RSP\",\r\n\t\t\t\"investmentAccount\": {\r\n\t\t\t\t\"countryAccountCode\": \"HK\",\r\n\t\t\t\t\"groupMemberAccountCode\": \"HSBC\",\r\n\t\t\t\t\"accountTypeCode\": \"WIE\",\r\n\t\t\t\t\"accountNumber\": \"118114651380\",\r\n\t\t\t\t\"isGbaAccount\": \"N\"\r\n\t\t\t},\r\n\t\t\t\"product\": {\r\n\t\t\t\t\"productTypeCode\": \"UT\",\r\n\t\t\t\t\"productAlternativeNumber\": \"U62157\",\r\n\t\t\t\t\"productAlternativeClassificationCode\": \"M\",\r\n\t\t\t\t\"countryProductTradableCode\": \"HK\"\r\n\t\t\t}\r\n\t\t}\r\n\t}","options":{"raw":{"language":"json"}}},"url":{"raw":"https://srbp-cag-core.uat.wealth-platform-amh.ape1.dev.aws.cloud.hsbc/api/equities/rule-engine/api/v2/rules","protocol":"https","host":["srbp-cag-core","uat","wealth-platform-amh","ape1","dev","aws","cloud","hsbc"],"path":["api","equities","rule-engine","api","v2","rules"]}},"response":[]}]}