{"info":{"_postman_id":"a5e514c4-0c19-6822-5876-b5fbcec375f1","name":"2022.getToken","schema":"https://schema.getpostman.com/json/collection/v2.1.0/collection.json"},"item":[{"name":"20211112.get.uat token from SRBP API","id":"89131eea-7349-ddf3-1547-db29e6824902","request":{"method":"GET","header":[],"url":{"raw":"https://aag.uat.wealth-platform-amh.ape1.dev.aws.cloud.hsbc/srbp-api/hctoken","protocol":"https","host":["aag","uat","wealth-platform-amh","ape1","dev","aws","cloud","hsbc"],"path":["srbp-api","hctoken"]}},"response":[]},{"name":"20211112.get.uat token from SRBP API production copy","id":"99f17757-afce-4b40-ddd7-25f1c9a387aa","request":{"method":"GET","header":[],"body":{"mode":"raw","raw":"{\r\n  \"applicationCommon\": {\r\n    \"countryCode\": \"HK\",\r\n    \"userId\": \"HK06820788588801\",\r\n    \"channelId\": \"MOB\",\r\n    \"customerElectronicBankingChangeableIdentificationNumber\": \"HK06820788588801\",\r\n    \"customerElectronicBankingIdentificationNumber\": \"HK06820788588801\",\r\n    \"groupMember\": \"HSBC\",\r\n    \"ipAddress\": \"203.112.82.1\",\r\n    \"lineOfBusiness\": \"PFS\",\r\n    \"businessOpUnit\": \"001\",\r\n    \"customerNumber\": \"HK06820788588801\"\r\n  },\r\n  \"portfolioQuantitySummaryRequestInfo\": {\r\n    \"assetClassCodes\": [\"WRTS\"],\r\n    \"productAlternativeClassificationCode\": \"P\"\r\n  },\r\n  \"investmentAccountId\": [{\r\n    \"countryAccountCode\": \"HK\",\r\n    \"groupMemberAccountCode\": \"HSBC\",\r\n    \"accountNumber\": \"001100486888\",\r\n    \"accountProductTypeCode\": \"AV\",\r\n    \"accountTypeCode\": \"INV\",\r\n    \"accountCurrencyCode\": \"HKD\"\r\n  }],\r\n  \"paginationRequest0113\": {\r\n    \"totalNumberOfRecords\": 0,\r\n    \"pagingDirectionCode\": \"+\",\r\n    \"numberOfRecords\": 100\r\n  }\r\n}"},"url":{"raw":"https://wealth-wp-srbp-online-hk-hsbc-prod-20220212alex-skm.apps.cf.skm-drn-101.cloud.hk.hsbc/hctoken","protocol":"https","host":["wealth-wp-srbp-online-hk-hsbc-prod-20220212alex-skm","apps","cf","skm-drn-101","cloud","hk","hsbc"],"path":["hctoken"]}},"response":[]},{"name":"20211112.production.get token from SRBP Online","id":"6a46a1ed-4735-c66b-436e-f0527b589caa","request":{"method":"GET","header":[],"body":{"mode":"raw","raw":"{\r\n  \"applicationCommon\": {\r\n    \"countryCode\": \"HK\",\r\n    \"userId\": \"HK06820788588801\",\r\n    \"channelId\": \"MOB\",\r\n    \"customerElectronicBankingChangeableIdentificationNumber\": \"HK06820788588801\",\r\n    \"customerElectronicBankingIdentificationNumber\": \"HK06820788588801\",\r\n    \"groupMember\": \"HSBC\",\r\n    \"ipAddress\": \"203.112.82.1\",\r\n    \"lineOfBusiness\": \"PFS\",\r\n    \"businessOpUnit\": \"001\",\r\n    \"customerNumber\": \"HK06820788588801\"\r\n  },\r\n  \"portfolioQuantitySummaryRequestInfo\": {\r\n    \"assetClassCodes\": [\"WRTS\"],\r\n    \"productAlternativeClassificationCode\": \"P\"\r\n  },\r\n  \"investmentAccountId\": [{\r\n    \"countryAccountCode\": \"HK\",\r\n    \"groupMemberAccountCode\": \"HSBC\",\r\n    \"accountNumber\": \"001100486888\",\r\n    \"accountProductTypeCode\": \"AV\",\r\n    \"accountTypeCode\": \"INV\",\r\n    \"accountCurrencyCode\": \"HKD\"\r\n  }],\r\n  \"paginationRequest0113\": {\r\n    \"totalNumberOfRecords\": 0,\r\n    \"pagingDirectionCode\": \"+\",\r\n    \"numberOfRecords\": 100\r\n  }\r\n}"},"url":{"raw":"https://wealth-wp-srbp-online-hk-hsbc-uat.apps.cf.skm-drn-01.cloud.hk.hsbc/hctoken","protocol":"https","host":["wealth-wp-srbp-online-hk-hsbc-uat","apps","cf","skm-drn-01","cloud","hk","hsbc"],"path":["hctoken"]}},"response":[]},{"name":"20211112.get.production token from SRBP Online!!","id":"7ebbf9b2-fec5-d537-dda6-8a0784d0b29b","request":{"method":"GET","header":[],"url":{"raw":"https://srbp-aag-core.wealth-platform-amh.ape1.prod.aws.cloud.hsbc/api/srbp/online/hctoken","protocol":"https","host":["srbp-aag-core","wealth-platform-amh","ape1","prod","aws","cloud","hsbc"],"path":["api","srbp","online","hctoken"]}},"response":[]}]}